event_num,pdg,E,px,py,pz,polx,poly,polz
2,16,10,0,0,10,0,0,0
2,1000080160,14.8951,0,0,0,0,0,0
2,15,9.04549,-0.663836,-0.398303,8.8354,0.0748469,0.0449083,-0.996183
5,16,10,0,0,10,0,0,0
5,1000080160,14.8951,0,0,0,0,0,0
5,15,9.30853,0.534583,0.972609,9.06971,0,0,0
6,16,10,0,0,10,0,0,0
6,1000080160,14.8951,0,0,0,0,0,0
6,15,3.29097,-0.334734,0.268177,2.73665,0.12084,-0.0968126,-0.98794
7,16,10,0,0,10,0,0,0
7,1000080160,14.8951,0,0,0,0,0,0
7,15,9.18336,-0.330177,0.56851,8.98581,0.0366463,-0.0630989,-0.997334
8,16,10,0,0,10,0,0,0
8,1000080160,14.8951,0,0,0,0,0,0
8,15,7.03778,0.574205,0.410912,6.77308,-0.0843206,-0.0603414,-0.99461
9,16,10,0,0,10,0,0,0
9,1000080160,14.8951,0,0,0,0,0,0
9,15,6.20775,0.513936,-0.201124,5.92236,-0.0864045,0.0338136,-0.995686
11,16,10,0,0,10,0,0,0
11,1000080160,14.8951,0,0,0,0,0,0
11,15,7.79854,0.719823,0.205588,7.55643,-0.0947956,-0.0270745,-0.995129
13,16,10,0,0,10,0,0,0
13,1000080160,14.8951,0,0,0,0,0,0
13,15,6.40843,-0.210457,-0.282742,6.14707,0.0341808,0.0459208,-0.99836
15,16,10,0,0,10,0,0,0
15,1000080160,14.8951,0,0,0,0,0,0
15,15,9.41368,-0.739271,0.385219,9.20681,0,0,0
20,16,10,0,0,10,0,0,0
20,1000080160,14.8951,0,0,0,0,0,0
20,15,7.44124,0.744996,-0.0266948,7.18743,-0.1031,0.00369427,-0.994664
24,16,10,0,0,10,0,0,0
24,1000080160,14.8951,0,0,0,0,0,0
24,15,5.78573,1.43081,0.147918,5.31491,-0.259858,-0.0268642,-0.965273
25,16,10,0,0,10,0,0,0
25,1000080160,14.8951,0,0,0,0,0,0
25,15,7.96549,-0.508803,-0.434988,7.73587,0.065527,0.0560206,-0.996277
26,16,10,0,0,10,0,0,0
26,1000080160,14.8951,0,0,0,0,0,0
26,15,6.81787,-0.345748,0.107874,6.57229,0.0525272,-0.0163886,-0.998485
27,16,10,0,0,10,0,0,0
27,1000080160,14.8951,0,0,0,0,0,0
27,15,8.10165,-0.542675,-0.811922,7.84383,0.0686549,0.102718,-0.992338
30,16,10,0,0,10,0,0,0
30,1000080160,14.8951,0,0,0,0,0,0
30,15,9.84657,-0.0292096,-0.349136,9.67858,0,0,0
32,16,10,0,0,10,0,0,0
32,1000080160,14.8951,0,0,0,0,0,0
32,15,6.92524,0.727839,0.475729,6.63669,-0.10874,-0.0710742,-0.991526
33,16,10,0,0,10,0,0,0
33,1000080160,14.8951,0,0,0,0,0,0
33,15,6.7959,0.112439,0.158012,6.55663,-0.0171413,-0.0240891,-0.999563
36,16,10,0,0,10,0,0,0
36,1000080160,14.8951,0,0,0,0,0,0
36,15,9.87311,0.0779959,0.422132,9.70241,0,0,0
38,16,10,0,0,10,0,0,0
38,1000080160,14.8951,0,0,0,0,0,0
38,15,8.33154,-0.227219,-0.0369465,8.13661,0.0279144,0.00453896,-0.9996
40,16,10,0,0,10,0,0,0
40,1000080160,14.8951,0,0,0,0,0,0
40,15,8.6487,0.76667,0.104027,8.42877,-0.0905779,-0.0122902,-0.995814
42,16,10,0,0,10,0,0,0
42,1000080160,14.8951,0,0,0,0,0,0
42,15,7.4182,-0.659073,0.0326599,7.17196,0.0915094,-0.00453468,-0.995794
45,16,10,0,0,10,0,0,0
45,1000080160,14.8951,0,0,0,0,0,0
45,15,6.07106,0.442598,0.650484,5.75165,-0.0762415,-0.112052,-0.990773
48,16,10,0,0,10,0,0,0
48,1000080160,14.8951,0,0,0,0,0,0
48,15,9.75398,0.137577,0.0651657,9.58956,0,0,0
49,16,10,0,0,10,0,0,0
49,1000080160,14.8951,0,0,0,0,0,0
49,15,9.94436,-0.189786,-0.149538,9.78134,0,0,0
50,16,10,0,0,10,0,0,0
50,1000080160,14.8951,0,0,0,0,0,0
50,15,8.62159,0.631851,-0.40418,8.40309,-0.0748949,0.0479085,-0.99604
58,16,10,0,0,10,0,0,0
58,1000080160,14.8951,0,0,0,0,0,0
58,15,8.13566,0.355976,0.582468,7.90985,-0.0448375,-0.0733655,-0.996297
59,16,10,0,0,10,0,0,0
59,1000080160,14.8951,0,0,0,0,0,0
59,15,4.65705,0.0303585,0.912218,4.20688,-0.00705232,-0.21191,-0.977264
60,16,10,0,0,10,0,0,0
60,1000080160,14.8951,0,0,0,0,0,0
60,15,9.11193,-0.0678178,0.69144,8.90996,0.00758842,-0.0773682,-0.996974
62,16,10,0,0,10,0,0,0
62,1000080160,14.8951,0,0,0,0,0,0
62,15,7.64606,0.14969,0.785844,7.39358,-0.0201285,-0.105671,-0.994197
63,16,10,0,0,10,0,0,0
63,1000080160,14.8951,0,0,0,0,0,0
63,15,7.51646,-0.529339,-1.06982,7.20522,0.0724783,0.146481,-0.986555
64,16,10,0,0,10,0,0,0
64,1000080160,14.8951,0,0,0,0,0,0
64,15,9.44932,-0.642045,-0.426548,9.24869,0,0,0
66,16,10,0,0,10,0,0,0
66,1000080160,14.8951,0,0,0,0,0,0
66,15,6.65642,-0.0282544,-0.910335,6.34989,0.00440451,0.14191,-0.98987
68,16,10,0,0,10,0,0,0
68,1000080160,14.8951,0,0,0,0,0,0
68,15,9.58101,0.390339,-0.218092,9.40418,0,0,0
69,16,10,0,0,10,0,0,0
69,1000080160,14.8951,0,0,0,0,0,0
69,15,9.27759,0.718387,0.470546,9.06526,-0.078893,-0.0516751,-0.995543
73,16,10,0,0,10,0,0,0
73,1000080160,14.8951,0,0,0,0,0,0
73,15,6.68402,0.17638,1.0815,6.34966,-0.0273732,-0.167843,-0.985434
74,16,10,0,0,10,0,0,0
74,1000080160,14.8951,0,0,0,0,0,0
74,15,5.45693,0.643434,-1.20585,4.97522,-0.124708,0.233713,-0.964275
75,16,10,0,0,10,0,0,0
75,1000080160,14.8951,0,0,0,0,0,0
75,15,8.36053,0.37082,0.333429,8.1543,-0.0453906,-0.0408137,-0.998135
77,16,10,0,0,10,0,0,0
77,1000080160,14.8951,0,0,0,0,0,0
77,15,8.88961,0.612701,-0.385877,8.68007,-0.0703428,0.0443016,-0.996539
82,16,10,0,0,10,0,0,0
82,1000080160,14.8951,0,0,0,0,0,0
82,15,9.73046,0.19682,0.598666,9.54607,0,0,0
84,16,10,0,0,10,0,0,0
84,1000080160,14.8951,0,0,0,0,0,0
84,15,9.765,-0.132612,0.0922313,9.60061,0,0,0
85,16,10,0,0,10,0,0,0
85,1000080160,14.8951,0,0,0,0,0,0
85,15,6.31046,-0.752103,0.4996,5.98744,0.124209,-0.0825085,-0.98882
88,16,10,0,0,10,0,0,0
88,1000080160,14.8951,0,0,0,0,0,0
88,15,6.1315,-0.687393,0.0939832,5.82724,0.117135,-0.0160151,-0.992987
93,16,10,0,0,10,0,0,0
93,1000080160,14.8951,0,0,0,0,0,0
93,15,6.93315,-0.866862,0.0620712,6.645,0.129352,-0.00926215,-0.991556
96,16,10,0,0,10,0,0,0
96,1000080160,14.8951,0,0,0,0,0,0
96,15,7.59418,0.736623,0.72838,7.31035,-0.0997677,-0.0986512,-0.990108
98,16,10,0,0,10,0,0,0
98,1000080160,14.8951,0,0,0,0,0,0
98,15,8.98564,-0.509224,-0.481739,8.78027,0.0578125,0.054692,-0.996828
100,16,10,0,0,10,0,0,0
100,1000080160,14.8951,0,0,0,0,0,0
100,15,9.49851,-0.437825,-0.6014,9.30114,0,0,0
102,16,10,0,0,10,0,0,0
102,1000080160,14.8951,0,0,0,0,0,0
102,15,9.30949,-0.764193,0.495924,9.09283,0,0,0
103,16,10,0,0,10,0,0,0
103,1000080160,14.8951,0,0,0,0,0,0
103,15,6.61066,0.298096,-0.4048,6.34751,-0.0468161,0.063574,-0.996878
106,16,10,0,0,10,0,0,0
106,1000080160,14.8951,0,0,0,0,0,0
106,15,9.92919,0.0159172,0.231634,9.76615,0,0,0
108,16,10,0,0,10,0,0,0
108,1000080160,14.8951,0,0,0,0,0,0
108,15,8.62408,0.0279779,-0.861624,8.3949,-0.00331529,0.1021,-0.994769
109,16,10,0,0,10,0,0,0
109,1000080160,14.8951,0,0,0,0,0,0
109,15,7.64406,-0.831293,-0.498862,7.3712,0.111813,0.0670993,-0.991461
112,16,10,0,0,10,0,0,0
112,1000080160,14.8951,0,0,0,0,0,0
112,15,9.82682,0.19369,-0.575227,9.64576,0,0,0
114,16,10,0,0,10,0,0,0
114,1000080160,14.8951,0,0,0,0,0,0
114,15,8.62205,-0.274994,-0.235357,8.4292,0.0325939,0.027896,-0.999079
115,16,10,0,0,10,0,0,0
115,1000080160,14.8951,0,0,0,0,0,0
115,15,8.91879,0.977753,0.0676079,8.68487,-0.111871,-0.00773546,-0.993693
116,16,10,0,0,10,0,0,0
116,1000080160,14.8951,0,0,0,0,0,0
116,15,9.90626,-0.297065,0.289635,9.73677,0,0,0
120,16,10,0,0,10,0,0,0
120,1000080160,14.8951,0,0,0,0,0,0
120,15,4.81791,0.954803,0.462818,4.35077,-0.213207,-0.103347,-0.971526
121,16,10,0,0,10,0,0,0
121,1000080160,14.8951,0,0,0,0,0,0
121,15,8.36918,-0.552853,0.871647,8.11298,0.0675993,-0.106579,-0.992004
123,16,10,0,0,10,0,0,0
123,1000080160,14.8951,0,0,0,0,0,0
123,15,8.43221,-0.388918,0.325824,8.22724,0.0471824,-0.0395279,-0.998104
125,16,10,0,0,10,0,0,0
125,1000080160,14.8951,0,0,0,0,0,0
125,15,8.86698,-0.888571,0.0723353,8.64125,0.102286,-0.00832672,-0.99472
126,16,10,0,0,10,0,0,0
126,1000080160,14.8951,0,0,0,0,0,0
126,15,9.27939,0.488858,0.203305,9.09227,0,0,0
128,16,10,0,0,10,0,0,0
128,1000080160,14.8951,0,0,0,0,0,0
128,15,7.95361,1.12959,-0.366885,7.66108,-0.145705,0.0473242,-0.988196
129,16,10,0,0,10,0,0,0
129,1000080160,14.8951,0,0,0,0,0,0
129,15,9.19706,0.802106,-0.190948,8.98603,-0.0888881,0.0211606,-0.995817
130,16,10,0,0,10,0,0,0
130,1000080160,14.8951,0,0,0,0,0,0
130,15,9.74107,-0.59395,-0.0927514,9.55876,0,0,0
139,16,10,0,0,10,0,0,0
139,1000080160,14.8951,0,0,0,0,0,0
139,15,9.71238,0.551783,0.448796,9.52193,0,0,0
140,16,10,0,0,10,0,0,0
140,1000080160,14.8951,0,0,0,0,0,0
140,15,8.41736,-0.0399976,-0.954716,8.172,0.00486134,0.116037,-0.993233
146,16,10,0,0,10,0,0,0
146,1000080160,14.8951,0,0,0,0,0,0
146,15,8.42416,-0.418427,0.0102659,8.22399,0.050813,-0.00124667,-0.998707
150,16,10,0,0,10,0,0,0
150,1000080160,14.8951,0,0,0,0,0,0
150,15,8.86626,0.511375,0.515165,8.65601,-0.0588709,-0.0593072,-0.996502
152,16,10,0,0,10,0,0,0
152,1000080160,14.8951,0,0,0,0,0,0
152,15,8.88187,-0.657397,-0.0797059,8.67709,0.0755427,0.00915916,-0.9971
155,16,10,0,0,10,0,0,0
155,1000080160,14.8951,0,0,0,0,0,0
155,15,9.68076,0.300074,0.403791,9.50299,0,0,0
158,16,10,0,0,10,0,0,0
158,1000080160,14.8951,0,0,0,0,0,0
158,15,7.81174,0.245789,0.0202291,7.60298,-0.0323111,-0.00265928,-0.999474
160,16,10,0,0,10,0,0,0
160,1000080160,14.8951,0,0,0,0,0,0
160,15,2.8638,-0.399897,-0.485846,2.15595,0.178056,0.216325,-0.959948
162,16,10,0,0,10,0,0,0
162,1000080160,14.8951,0,0,0,0,0,0
162,15,4.04025,0.227307,0.0879821,3.62036,-0.062644,-0.0242472,-0.997741
164,16,10,0,0,10,0,0,0
164,1000080160,14.8951,0,0,0,0,0,0
164,15,5.83345,-0.608049,-0.929677,5.44407,0.109435,0.167321,-0.97981
168,16,10,0,0,10,0,0,0
168,1000080160,14.8951,0,0,0,0,0,0
168,15,8.6507,-0.633895,0.448608,8.43056,0.0748732,-0.0529878,-0.995784
170,16,10,0,0,10,0,0,0
170,1000080160,14.8951,0,0,0,0,0,0
170,15,8.52656,0.144366,-1.10721,8.26428,-0.0173114,0.132769,-0.990996
171,16,10,0,0,10,0,0,0
171,1000080160,14.8951,0,0,0,0,0,0
171,15,7.30799,-0.582604,0.627096,7.03682,0.0821878,-0.0884642,-0.992683
172,16,10,0,0,10,0,0,0
172,1000080160,14.8951,0,0,0,0,0,0
172,15,9.24829,-0.918658,0.15916,9.02797,0,0,0
173,16,10,0,0,10,0,0,0
173,1000080160,14.8951,0,0,0,0,0,0
173,15,7.78158,0.822864,0.0393874,7.53107,-0.108615,-0.00519897,-0.99407
177,16,10,0,0,10,0,0,0
177,1000080160,14.8951,0,0,0,0,0,0
177,15,6.44428,-0.492663,-1.33487,6.02884,0.0795327,0.215493,-0.973261
178,16,10,0,0,10,0,0,0
178,1000080160,14.8951,0,0,0,0,0,0
178,15,9.76457,-0.184599,0.494428,9.58703,0,0,0
180,16,10,0,0,10,0,0,0
180,1000080160,14.8951,0,0,0,0,0,0
180,15,9.87822,0.386472,-0.457408,9.69863,0,0,0
181,16,10,0,0,10,0,0,0
181,1000080160,14.8951,0,0,0,0,0,0
181,15,8.69879,1.16619,-0.121508,8.43427,-0.136951,0.0142692,-0.990475
182,16,10,0,0,10,0,0,0
182,1000080160,14.8951,0,0,0,0,0,0
182,15,3.45481,-0.155644,-0.480788,2.91944,0.0525318,0.162272,-0.985347
183,16,10,0,0,10,0,0,0
183,1000080160,14.8951,0,0,0,0,0,0
183,15,8.07214,0.747097,0.535521,7.82031,-0.0948797,-0.0680101,-0.993163
184,16,10,0,0,10,0,0,0
184,1000080160,14.8951,0,0,0,0,0,0
184,15,9.19431,-0.396387,0.672204,8.98716,0.0439406,-0.0745156,-0.996251
188,16,10,0,0,10,0,0,0
188,1000080160,14.8951,0,0,0,0,0,0
188,15,8.61197,0.659135,0.80173,8.36251,-0.0782202,-0.095142,-0.992386
191,16,10,0,0,10,0,0,0
191,1000080160,14.8951,0,0,0,0,0,0
191,15,9.487,0.636537,0.633094,9.27577,0,0,0
196,16,10,0,0,10,0,0,0
196,1000080160,14.8951,0,0,0,0,0,0
196,15,8.20237,-0.348057,0.821906,7.9577,0.0434658,-0.102641,-0.993768
197,16,10,0,0,10,0,0,0
197,1000080160,14.8951,0,0,0,0,0,0
197,15,7.34949,-0.13285,0.828269,7.08196,0.0186287,-0.116143,-0.993058
198,16,10,0,0,10,0,0,0
198,1000080160,14.8951,0,0,0,0,0,0
198,15,8.11103,-0.640764,-0.708798,7.85612,0.0809657,0.0895624,-0.992685
199,16,10,0,0,10,0,0,0
199,1000080160,14.8951,0,0,0,0,0,0
199,15,9.29277,-0.629216,-0.0351835,9.09951,0.068983,0.00385729,-0.99761
202,16,10,0,0,10,0,0,0
202,1000080160,14.8951,0,0,0,0,0,0
202,15,9.96119,0.285322,-0.0334774,9.79722,0,0,0
204,16,10,0,0,10,0,0,0
204,1000080160,14.8951,0,0,0,0,0,0
204,15,9.9768,0.175966,0.0714101,9.81546,0,0,0
205,16,10,0,0,10,0,0,0
205,1000080160,14.8951,0,0,0,0,0,0
205,15,9.85811,0.0643537,-0.41131,9.68772,0,0,0
209,16,10,0,0,10,0,0,0
209,1000080160,14.8951,0,0,0,0,0,0
209,15,9.86311,-0.371823,-0.142039,9.69357,0,0,0
210,16,10,0,0,10,0,0,0
210,1000080160,14.8951,0,0,0,0,0,0
210,15,8.48852,0.658805,-0.248266,8.27056,-0.0793696,0.0299099,-0.996396
215,16,10,0,0,10,0,0,0
215,1000080160,14.8951,0,0,0,0,0,0
215,15,4.30184,-0.0435344,0.240096,3.91012,0.0111122,-0.0612846,-0.998058
217,16,10,0,0,10,0,0,0
217,1000080160,14.8951,0,0,0,0,0,0
217,15,9.80749,-0.611784,0.0198398,9.62574,0,0,0
218,16,10,0,0,10,0,0,0
218,1000080160,14.8951,0,0,0,0,0,0
218,15,4.8318,0.546146,0.547466,4.42618,-0.121549,-0.121843,-0.985079
219,16,10,0,0,10,0,0,0
219,1000080160,14.8951,0,0,0,0,0,0
219,15,8.57883,0.169658,0.595542,8.36992,-0.0202147,-0.0709587,-0.997274
223,16,10,0,0,10,0,0,0
223,1000080160,14.8951,0,0,0,0,0,0
223,15,5.36234,-0.0203149,-0.589457,5.0249,0.00401528,0.116507,-0.993182
225,16,10,0,0,10,0,0,0
225,1000080160,14.8951,0,0,0,0,0,0
225,15,5.64076,0.409153,-0.291751,5.32996,-0.0764259,0.0544964,-0.995585
226,16,10,0,0,10,0,0,0
226,1000080160,14.8951,0,0,0,0,0,0
226,15,9.52877,-0.536667,0.427564,9.33646,0,0,0
233,16,10,0,0,10,0,0,0
233,1000080160,14.8951,0,0,0,0,0,0
233,15,8.55356,0.157798,-0.362247,8.35763,-0.0188596,0.0432949,-0.998884
235,16,10,0,0,10,0,0,0
235,1000080160,14.8951,0,0,0,0,0,0
235,15,6.91475,-0.624113,-0.0822417,6.65284,0.0933944,0.0123069,-0.995553
237,16,10,0,0,10,0,0,0
237,1000080160,14.8951,0,0,0,0,0,0
237,15,8.40234,-0.214931,0.637164,8.18474,0.0261718,-0.0775864,-0.996642
241,16,10,0,0,10,0,0,0
241,1000080160,14.8951,0,0,0,0,0,0
241,15,9.95066,0.166471,-0.424449,9.78011,0,0,0
243,16,10,0,0,10,0,0,0
243,1000080160,14.8951,0,0,0,0,0,0
243,15,8.02582,0.442782,0.680713,7.78441,-0.0565737,-0.0869737,-0.994603
246,16,10,0,0,10,0,0,0
246,1000080160,14.8951,0,0,0,0,0,0
246,15,6.8175,0.540574,0.134912,6.55825,-0.0821308,-0.0204974,-0.996411
247,16,10,0,0,10,0,0,0
247,1000080160,14.8951,0,0,0,0,0,0
247,15,9.35396,0.682875,-0.100981,9.15766,0,0,0
249,16,10,0,0,10,0,0,0
249,1000080160,14.8951,0,0,0,0,0,0
249,15,8.77929,0.547422,-0.0359589,8.58008,-0.0636715,0.00418244,-0.997962
251,16,10,0,0,10,0,0,0
251,1000080160,14.8951,0,0,0,0,0,0
251,15,9.71855,0.517341,0.033138,9.54066,0,0,0
253,16,10,0,0,10,0,0,0
253,1000080160,14.8951,0,0,0,0,0,0
253,15,8.63573,0.00114676,-0.541855,8.43357,-0.000135696,0.0641176,-0.997942
261,16,10,0,0,10,0,0,0
261,1000080160,14.8951,0,0,0,0,0,0
261,15,8.98569,0.00609421,0.0183778,8.80824,-0.000691874,-0.00208643,-0.999998
265,16,10,0,0,10,0,0,0
265,1000080160,14.8951,0,0,0,0,0,0
265,15,6.58233,-0.0511005,0.78387,6.2891,0.00806259,-0.123678,-0.99229
269,16,10,0,0,10,0,0,0
269,1000080160,14.8951,0,0,0,0,0,0
269,15,7.58806,-0.950992,-0.162604,7.31373,0.128912,0.0220417,-0.991411
273,16,10,0,0,10,0,0,0
273,1000080160,14.8951,0,0,0,0,0,0
273,15,4.56399,0.477294,0.389064,4.15856,-0.113536,-0.0925484,-0.989214
275,16,10,0,0,10,0,0,0
275,1000080160,14.8951,0,0,0,0,0,0
275,15,9.02555,0.172897,-0.526977,8.83152,-0.0195388,0.0595528,-0.998034
276,16,10,0,0,10,0,0,0
276,1000080160,14.8951,0,0,0,0,0,0
276,15,8.50513,-0.342958,0.467866,8.2972,0.0412335,-0.0562511,-0.997565
278,16,10,0,0,10,0,0,0
278,1000080160,14.8951,0,0,0,0,0,0
278,15,5.62808,-0.177495,-0.0433372,5.3371,0.0332372,0.00811522,-0.999415
281,16,10,0,0,10,0,0,0
281,1000080160,14.8951,0,0,0,0,0,0
281,15,8.30683,0.186998,-0.734846,8.07906,-0.0230447,0.0905588,-0.995624
282,16,10,0,0,10,0,0,0
282,1000080160,14.8951,0,0,0,0,0,0
282,15,4.84407,-0.000806042,-0.591697,4.4674,0.000178865,0.131301,-0.991343
283,16,10,0,0,10,0,0,0
283,1000080160,14.8951,0,0,0,0,0,0
283,15,8.89022,0.435834,0.429087,8.68934,-0.0500335,-0.049259,-0.997532
284,16,10,0,0,10,0,0,0
284,1000080160,14.8951,0,0,0,0,0,0
284,15,5.25594,-0.317697,0.848148,4.86286,0.0642268,-0.171465,-0.983094
285,16,10,0,0,10,0,0,0
285,1000080160,14.8951,0,0,0,0,0,0
285,15,9.11911,-0.602477,0.383133,8.91579,0.0673586,-0.0428353,-0.996809
287,16,10,0,0,10,0,0,0
287,1000080160,14.8951,0,0,0,0,0,0
287,15,7.30448,0.284215,1.14873,6.98554,-0.0401146,-0.162134,-0.985953
289,16,10,0,0,10,0,0,0
289,1000080160,14.8951,0,0,0,0,0,0
289,15,6.32382,-0.092683,-0.960319,5.99189,0.0152714,0.158232,-0.987284
296,16,10,0,0,10,0,0,0
296,1000080160,14.8951,0,0,0,0,0,0
296,15,5.13308,-0.780372,-0.0201595,4.75204,0.162047,0.00418618,-0.986774
297,16,10,0,0,10,0,0,0
297,1000080160,14.8951,0,0,0,0,0,0
297,15,8.00103,-0.265736,0.374187,7.78772,0.0340633,-0.0479651,-0.998268
298,16,10,0,0,10,0,0,0
298,1000080160,14.8951,0,0,0,0,0,0
298,15,7.04902,0.42199,0.281638,6.8025,-0.0618627,-0.0412875,-0.99723
300,16,10,0,0,10,0,0,0
300,1000080160,14.8951,0,0,0,0,0,0
300,15,8.84597,-0.729039,0.18891,8.63289,0.0841295,-0.0217998,-0.996216
301,16,10,0,0,10,0,0,0
301,1000080160,14.8951,0,0,0,0,0,0
301,15,9.14212,0.590682,0.241345,8.94505,-0.0658672,-0.0269124,-0.997465
302,16,10,0,0,10,0,0,0
302,1000080160,14.8951,0,0,0,0,0,0
302,15,4.75293,0.487469,0.702967,4.3245,-0.11058,-0.159464,-0.980991
304,16,10,0,0,10,0,0,0
304,1000080160,14.8951,0,0,0,0,0,0
304,15,7.0488,-0.330376,0.573402,6.78899,0.0484339,-0.0840622,-0.995283
307,16,10,0,0,10,0,0,0
307,1000080160,14.8951,0,0,0,0,0,0
307,15,3.19382,-0.127755,-0.147575,2.64673,0.0481381,0.0556066,-0.997292
310,16,10,0,0,10,0,0,0
310,1000080160,14.8951,0,0,0,0,0,0
310,15,3.21288,0.682285,0.0234736,2.5883,-0.254886,-0.00876921,-0.966931
311,16,10,0,0,10,0,0,0
311,1000080160,14.8951,0,0,0,0,0,0
311,15,8.65054,0.730291,0.713749,8.40428,-0.0862607,-0.0843069,-0.992699
314,16,10,0,0,10,0,0,0
314,1000080160,14.8951,0,0,0,0,0,0
314,15,9.28029,0.332446,0.127928,9.10163,-0.0364981,-0.0140447,-0.999235
316,16,10,0,0,10,0,0,0
316,1000080160,14.8951,0,0,0,0,0,0
316,15,7.6434,0.835126,-0.231099,7.38332,-0.112339,0.0310868,-0.993184
318,16,10,0,0,10,0,0,0
318,1000080160,14.8951,0,0,0,0,0,0
318,15,8.38514,-0.116249,0.316946,8.18776,0.0141859,-0.0386769,-0.999151
320,16,10,0,0,10,0,0,0
320,1000080160,14.8951,0,0,0,0,0,0
320,15,9.58295,-0.00753195,0.142663,9.4157,0.000799843,-0.0151498,-0.999885
321,16,10,0,0,10,0,0,0
321,1000080160,14.8951,0,0,0,0,0,0
321,15,8.12359,-0.04168,-0.084546,7.92632,0.00525805,0.0106657,-0.999929
323,16,10,0,0,10,0,0,0
323,1000080160,14.8951,0,0,0,0,0,0
323,15,9.59271,-0.107075,0.764294,9.39507,0,0,0
324,16,10,0,0,10,0,0,0
324,1000080160,14.8951,0,0,0,0,0,0
324,15,9.92995,-0.388677,-0.0576884,9.76178,0,0,0
326,16,10,0,0,10,0,0,0
326,1000080160,14.8951,0,0,0,0,0,0
326,15,8.91834,-0.199987,-0.907206,8.69003,0.0228831,0.103805,-0.994334
327,16,10,0,0,10,0,0,0
327,1000080160,14.8951,0,0,0,0,0,0
327,15,9.50271,-0.433205,0.448352,9.31427,0.046406,-0.0480285,-0.997767
330,16,10,0,0,10,0,0,0
330,1000080160,14.8951,0,0,0,0,0,0
330,15,6.02308,0.76611,0.0722187,5.70334,-0.13312,-0.0125488,-0.99102
332,16,10,0,0,10,0,0,0
332,1000080160,14.8951,0,0,0,0,0,0
332,15,7.87647,0.476034,-0.329819,7.65155,-0.0620367,0.042982,-0.997148
334,16,10,0,0,10,0,0,0
334,1000080160,14.8951,0,0,0,0,0,0
334,15,9.43471,0.647199,-0.285659,9.23884,0,0,0
335,16,10,0,0,10,0,0,0
335,1000080160,14.8951,0,0,0,0,0,0
335,15,8.88672,-0.623483,-0.708319,8.65599,0.0716049,0.081348,-0.99411
338,16,10,0,0,10,0,0,0
338,1000080160,14.8951,0,0,0,0,0,0
338,15,5.04128,-0.80057,-0.128997,4.64754,0.169693,0.0273429,-0.985118
341,16,10,0,0,10,0,0,0
341,1000080160,14.8951,0,0,0,0,0,0
341,15,4.57634,-0.0486749,0.582975,4.17653,0.0115417,-0.138234,-0.990332
343,16,10,0,0,10,0,0,0
343,1000080160,14.8951,0,0,0,0,0,0
343,15,8.60082,-0.357459,0.484255,8.39373,0.0424774,-0.0575447,-0.997439
344,16,10,0,0,10,0,0,0
344,1000080160,14.8951,0,0,0,0,0,0
344,15,3.82589,-0.33917,0.726328,3.29205,0.100102,-0.214367,-0.97161
345,16,10,0,0,10,0,0,0
345,1000080160,14.8951,0,0,0,0,0,0
345,15,6.65779,-1.51316,-0.00159033,6.23533,0.23583,0.000247858,-0.971794
348,16,10,0,0,10,0,0,0
348,1000080160,14.8951,0,0,0,0,0,0
348,15,8.25853,1.13888,0.446847,7.97179,-0.141211,-0.055405,-0.988428
349,16,10,0,0,10,0,0,0
349,1000080160,14.8951,0,0,0,0,0,0
349,15,8.21072,0.158711,-0.29523,8.00914,-0.0197989,0.0368294,-0.999125
350,16,10,0,0,10,0,0,0
350,1000080160,14.8951,0,0,0,0,0,0
350,15,9.50073,-0.131074,0.640673,9.31015,0,0,0
357,16,10,0,0,10,0,0,0
357,1000080160,14.8951,0,0,0,0,0,0
357,15,9.63243,-0.0833481,0.153524,9.46552,0.00880394,-0.0162166,-0.99983
358,16,10,0,0,10,0,0,0
358,1000080160,14.8951,0,0,0,0,0,0
358,15,9.23247,0.399932,-0.682821,9.02524,-0.0441433,0.0753676,-0.996178
364,16,10,0,0,10,0,0,0
364,1000080160,14.8951,0,0,0,0,0,0
364,15,8.98972,0.833196,0.402391,8.76366,-0.0945485,-0.045662,-0.994473
365,16,10,0,0,10,0,0,0
365,1000080160,14.8951,0,0,0,0,0,0
365,15,7.63099,-0.0860694,-0.811263,7.37626,0.0115977,0.109316,-0.993939
369,16,10,0,0,10,0,0,0
369,1000080160,14.8951,0,0,0,0,0,0
369,15,8.98343,-0.922338,-0.47886,8.74441,0,0,0
374,16,10,0,0,10,0,0,0
374,1000080160,14.8951,0,0,0,0,0,0
374,15,7.11373,1.00415,0.262526,6.8096,-0.145778,-0.0381121,-0.988583
376,16,10,0,0,10,0,0,0
376,1000080160,14.8951,0,0,0,0,0,0
376,15,9.11268,0.0050703,0.207503,8.93536,-0.000567289,-0.0232164,-0.99973
379,16,10,0,0,10,0,0,0
379,1000080160,14.8951,0,0,0,0,0,0
379,15,7.53075,-0.483682,0.580041,7.27905,0.0660937,-0.079261,-0.99466
380,16,10,0,0,10,0,0,0
380,1000080160,14.8951,0,0,0,0,0,0
380,15,7.14181,0.489923,0.413969,6.88744,-0.0708264,-0.059846,-0.995692
381,16,10,0,0,10,0,0,0
381,1000080160,14.8951,0,0,0,0,0,0
381,15,9.42144,-0.419071,0.348631,9.2363,0.0452934,-0.0376802,-0.998263
382,16,10,0,0,10,0,0,0
382,1000080160,14.8951,0,0,0,0,0,0
382,15,7.61721,-0.00273779,-0.639558,7.37941,0.000369619,0.0863443,-0.996265
383,16,10,0,0,10,0,0,0
383,1000080160,14.8951,0,0,0,0,0,0
383,15,9.44945,-0.612477,-0.612477,9.24038,0,0,0
384,16,10,0,0,10,0,0,0
384,1000080160,14.8951,0,0,0,0,0,0
384,15,9.39448,-0.838168,-0.148913,9.18555,0,0,0
387,16,10,0,0,10,0,0,0
387,1000080160,14.8951,0,0,0,0,0,0
387,15,8.02181,0.341464,-0.288188,7.80978,-0.0436512,0.0368407,-0.998367
388,16,10,0,0,10,0,0,0
388,1000080160,14.8951,0,0,0,0,0,0
388,15,7.73069,0.397771,0.677909,7.48255,-0.0528689,-0.090103,-0.994528
389,16,10,0,0,10,0,0,0
389,1000080160,14.8951,0,0,0,0,0,0
389,15,8.10645,0.0041367,0.685011,7.87959,-0.000523017,-0.0866081,-0.996242
391,16,10,0,0,10,0,0,0
391,1000080160,14.8951,0,0,0,0,0,0
391,15,8.27526,0.794138,-0.132035,8.04205,-0.0982571,0.0163364,-0.995027
392,16,10,0,0,10,0,0,0
392,1000080160,14.8951,0,0,0,0,0,0
392,15,7.2666,0.819968,0.984156,6.92858,-0.116374,-0.139676,-0.983335
393,16,10,0,0,10,0,0,0
393,1000080160,14.8951,0,0,0,0,0,0
393,15,9.28838,-0.268567,-0.377364,9.10507,0.0294584,0.041392,-0.998709
395,16,10,0,0,10,0,0,0
395,1000080160,14.8951,0,0,0,0,0,0
395,15,8.11388,0.31139,0.352659,7.90295,-0.0393321,-0.0445449,-0.998233
400,16,10,0,0,10,0,0,0
400,1000080160,14.8951,0,0,0,0,0,0
400,15,7.41931,0.814323,-0.335204,7.14936,-0.113047,0.0465342,-0.992499
401,16,10,0,0,10,0,0,0
401,1000080160,14.8951,0,0,0,0,0,0
401,15,6.08625,1.10015,0.114405,5.71505,-0.188994,-0.0196536,-0.981782
402,16,10,0,0,10,0,0,0
402,1000080160,14.8951,0,0,0,0,0,0
402,15,8.5509,0.933204,-0.443568,8.30018,-0.111571,0.0530315,-0.992341
406,16,10,0,0,10,0,0,0
406,1000080160,14.8951,0,0,0,0,0,0
406,15,9.90855,0.204021,-0.105386,9.74522,0,0,0
407,16,10,0,0,10,0,0,0
407,1000080160,14.8951,0,0,0,0,0,0
407,15,6.71225,0.299295,0.479875,6.44804,-0.0462389,-0.0741372,-0.996176
410,16,10,0,0,10,0,0,0
410,1000080160,14.8951,0,0,0,0,0,0
410,15,9.78613,0.0778981,0.587709,9.60519,0,0,0
411,16,10,0,0,10,0,0,0
411,1000080160,14.8951,0,0,0,0,0,0
411,15,9.3259,0.532447,0.436525,9.12914,0,0,0
412,16,10,0,0,10,0,0,0
412,1000080160,14.8951,0,0,0,0,0,0
412,15,8.39111,0.447659,0.417872,8.17793,-0.0545871,-0.0509549,-0.997208
413,16,10,0,0,10,0,0,0
413,1000080160,14.8951,0,0,0,0,0,0
413,15,8.6802,0.312114,-0.0416167,8.49056,-0.0367349,0.00489816,-0.999313
417,16,10,0,0,10,0,0,0
417,1000080160,14.8951,0,0,0,0,0,0
417,15,9.93017,-0.549499,-0.176079,9.75285,0,0,0
418,16,10,0,0,10,0,0,0
418,1000080160,14.8951,0,0,0,0,0,0
418,15,8.31284,0.300255,-1.05157,8.04675,-0.0369739,0.129492,-0.990891
421,16,10,0,0,10,0,0,0
421,1000080160,14.8951,0,0,0,0,0,0
421,15,3.28414,-0.738537,0.572075,2.59915,0.267398,-0.207128,-0.941061
422,16,10,0,0,10,0,0,0
422,1000080160,14.8951,0,0,0,0,0,0
422,15,6.52279,0.0646694,-0.762619,6.22927,-0.010304,0.121511,-0.992537
424,16,10,0,0,10,0,0,0
424,1000080160,14.8951,0,0,0,0,0,0
424,15,9.81833,-0.340686,-0.246095,9.64706,0,0,0
426,16,10,0,0,10,0,0,0
426,1000080160,14.8951,0,0,0,0,0,0
426,15,5.53353,-0.378247,1.0503,5.1202,0.0721779,-0.200421,-0.977047
428,16,10,0,0,10,0,0,0
428,1000080160,14.8951,0,0,0,0,0,0
428,15,4.81025,-0.808741,0.343205,4.38286,0.180925,-0.0767788,-0.980495
429,16,10,0,0,10,0,0,0
429,1000080160,14.8951,0,0,0,0,0,0
429,15,5.76825,-0.556917,-0.0233102,5.45937,0.101484,0.00424768,-0.994828
430,16,10,0,0,10,0,0,0
430,1000080160,14.8951,0,0,0,0,0,0
430,15,8.39462,0.581758,-0.871485,8.13723,-0.0709079,0.106221,-0.991811
431,16,10,0,0,10,0,0,0
431,1000080160,14.8951,0,0,0,0,0,0
431,15,7.62566,-0.614616,-0.315667,7.3835,0.0828797,0.042567,-0.99565
432,16,10,0,0,10,0,0,0
432,1000080160,14.8951,0,0,0,0,0,0
432,15,8.39573,-0.0860666,-0.289975,8.19997,0.0104888,0.0353389,-0.99932
433,16,10,0,0,10,0,0,0
433,1000080160,14.8951,0,0,0,0,0,0
433,15,6.6197,0.00590987,0.0930896,6.37609,-0.00092678,-0.0145982,-0.999893
435,16,10,0,0,10,0,0,0
435,1000080160,14.8951,0,0,0,0,0,0
435,15,5.78949,-0.202947,1.3002,5.35063,0.036832,-0.235967,-0.971063
438,16,10,0,0,10,0,0,0
438,1000080160,14.8951,0,0,0,0,0,0
438,15,7.43251,0.0756169,-0.71375,7.18122,-0.0104776,0.0988985,-0.995042
439,16,10,0,0,10,0,0,0
439,1000080160,14.8951,0,0,0,0,0,0
439,15,3.41774,0.606395,0.207442,2.84832,-0.207702,-0.0710529,-0.975608
441,16,10,0,0,10,0,0,0
441,1000080160,14.8951,0,0,0,0,0,0
441,15,5.99237,0.574922,0.30978,5.68549,-0.10046,-0.0541302,-0.993467
443,16,10,0,0,10,0,0,0
443,1000080160,14.8951,0,0,0,0,0,0
443,15,8.25018,0.738209,0.419494,8.0117,-0.0916282,-0.0520686,-0.994431
444,16,10,0,0,10,0,0,0
444,1000080160,14.8951,0,0,0,0,0,0
444,15,9.3178,0.253552,0.151349,9.14204,-0.0277203,-0.0165467,-0.999479
448,16,10,0,0,10,0,0,0
448,1000080160,14.8951,0,0,0,0,0,0
448,15,3.79017,-0.182826,-0.0618972,3.34229,0.0546099,0.0184886,-0.998337
450,16,10,0,0,10,0,0,0
450,1000080160,14.8951,0,0,0,0,0,0
450,15,8.3345,0.205423,0.648505,8.11442,-0.0252273,-0.0796407,-0.996504
451,16,10,0,0,10,0,0,0
451,1000080160,14.8951,0,0,0,0,0,0
451,15,5.32392,1.3689,0.329466,4.8171,-0.272762,-0.0656484,-0.959839
453,16,10,0,0,10,0,0,0
453,1000080160,14.8951,0,0,0,0,0,0
453,15,9.55979,-0.268915,-0.60176,9.37006,0,0,0
455,16,10,0,0,10,0,0,0
455,1000080160,14.8951,0,0,0,0,0,0
455,15,8.78918,-0.79716,0.462374,8.55823,0.0926101,-0.0537163,-0.994252
457,16,10,0,0,10,0,0,0
457,1000080160,14.8951,0,0,0,0,0,0
457,15,8.44569,0.618679,-0.225753,8.23036,-0.0749309,0.0273419,-0.996814
458,16,10,0,0,10,0,0,0
458,1000080160,14.8951,0,0,0,0,0,0
458,15,5.92471,-0.546698,0.37694,5.61284,0.0967268,-0.0666917,-0.993074
459,16,10,0,0,10,0,0,0
459,1000080160,14.8951,0,0,0,0,0,0
459,15,8.92947,-0.492178,0.243393,8.73365,0.0562432,-0.0278136,-0.99803
460,16,10,0,0,10,0,0,0
460,1000080160,14.8951,0,0,0,0,0,0
460,15,6.86502,0.220751,-0.49428,6.60895,-0.0332904,0.0745399,-0.996662
463,16,10,0,0,10,0,0,0
463,1000080160,14.8951,0,0,0,0,0,0
463,15,9.25016,0.260297,0.193435,9.07211,0,0,0
465,16,10,0,0,10,0,0,0
465,1000080160,14.8951,0,0,0,0,0,0
465,15,8.6494,0.458935,0.368303,8.44444,-0.0542162,-0.0435093,-0.997581
466,16,10,0,0,10,0,0,0
466,1000080160,14.8951,0,0,0,0,0,0
466,15,9.37096,-0.185525,0.982516,9.14647,0,0,0
470,16,10,0,0,10,0,0,0
470,1000080160,14.8951,0,0,0,0,0,0
470,15,9.13623,-0.411666,0.226698,8.94945,0.0459357,-0.0252961,-0.998624
471,16,10,0,0,10,0,0,0
471,1000080160,14.8951,0,0,0,0,0,0
471,15,8.19987,-0.137189,0.885501,7.95473,0.0171379,-0.110618,-0.993715
474,16,10,0,0,10,0,0,0
474,1000080160,14.8951,0,0,0,0,0,0
474,15,8.10387,1.27072,0.490581,7.78846,-0.160714,-0.0620464,-0.985049
476,16,10,0,0,10,0,0,0
476,1000080160,14.8951,0,0,0,0,0,0
476,15,4.4951,-0.728273,0.0783309,4.06352,0.176379,-0.0189709,-0.984139
479,16,10,0,0,10,0,0,0
479,1000080160,14.8951,0,0,0,0,0,0
479,15,6.32424,0.00373122,-1.03055,5.98137,-0.00061475,0.169792,-0.98548
480,16,10,0,0,10,0,0,0
480,1000080160,14.8951,0,0,0,0,0,0
480,15,4.55476,0.311566,1.10038,4.03494,-0.0742907,-0.262378,-0.962101
482,16,10,0,0,10,0,0,0
482,1000080160,14.8951,0,0,0,0,0,0
482,15,9.76628,0.550735,-0.357174,9.58082,0,0,0
483,16,10,0,0,10,0,0,0
483,1000080160,14.8951,0,0,0,0,0,0
483,15,7.54763,0.675685,0.99076,7.23681,-0.0921117,-0.135064,-0.986546
484,16,10,0,0,10,0,0,0
484,1000080160,14.8951,0,0,0,0,0,0
484,15,7.49172,1.11669,0.0661645,7.19147,-0.153434,-0.00909108,-0.988117
485,16,10,0,0,10,0,0,0
485,1000080160,14.8951,0,0,0,0,0,0
485,15,4.76196,-0.80387,1.0084,4.22563,0.181952,-0.228246,-0.95645
486,16,10,0,0,10,0,0,0
486,1000080160,14.8951,0,0,0,0,0,0
486,15,8.28899,-1.1621,-0.122772,8.01153,0.143535,0.015164,-0.989529
488,16,10,0,0,10,0,0,0
488,1000080160,14.8951,0,0,0,0,0,0
488,15,9.23321,0.141669,0.618804,9.03836,0,0,0
490,16,10,0,0,10,0,0,0
490,1000080160,14.8951,0,0,0,0,0,0
490,15,6.61494,-0.735413,-0.208462,6.32581,0.115416,0.0327163,-0.992778
491,16,10,0,0,10,0,0,0
491,1000080160,14.8951,0,0,0,0,0,0
491,15,9.10553,0.407189,-0.890352,8.87665,-0.0455955,0.0996982,-0.993972
492,16,10,0,0,10,0,0,0
492,1000080160,14.8951,0,0,0,0,0,0
492,15,9.13058,-0.322779,0.532814,8.93432,0.0360405,-0.0594924,-0.997578
495,16,10,0,0,10,0,0,0
495,1000080160,14.8951,0,0,0,0,0,0
495,15,4.04074,-0.460267,-1.06918,3.43735,0.126827,0.294614,-0.947163
497,16,10,0,0,10,0,0,0
497,1000080160,14.8951,0,0,0,0,0,0
497,15,8.69925,-0.548833,-0.60494,8.47659,0.0644484,0.0710369,-0.995389
503,16,10,0,0,10,0,0,0
503,1000080160,14.8951,0,0,0,0,0,0
503,15,8.60357,-1.21724,-0.0758398,8.32927,0.144598,0.00900915,-0.989449
508,16,10,0,0,10,0,0,0
508,1000080160,14.8951,0,0,0,0,0,0
508,15,7.85132,0.318053,1.13614,7.55606,-0.0415886,-0.148561,-0.988028
510,16,10,0,0,10,0,0,0
510,1000080160,14.8951,0,0,0,0,0,0
510,15,8.40712,-0.833335,0.468331,8.16142,0.101413,-0.056994,-0.99321
511,16,10,0,0,10,0,0,0
511,1000080160,14.8951,0,0,0,0,0,0
511,15,7.91182,-0.272187,-1.02597,7.63629,0.0353045,0.133075,-0.990477
513,16,10,0,0,10,0,0,0
513,1000080160,14.8951,0,0,0,0,0,0
513,15,8.34382,-0.279499,0.689203,8.11843,0.0342841,-0.0845396,-0.99583
515,16,10,0,0,10,0,0,0
515,1000080160,14.8951,0,0,0,0,0,0
515,15,9.47997,-0.0286311,0.285405,9.30754,0.00307465,-0.0306493,-0.999525
516,16,10,0,0,10,0,0,0
516,1000080160,14.8951,0,0,0,0,0,0
516,15,8.73488,0.537838,0.879779,8.48985,-0.0628885,-0.102871,-0.992705
517,16,10,0,0,10,0,0,0
517,1000080160,14.8951,0,0,0,0,0,0
517,15,9.84705,-0.463829,0.363696,9.66746,0,0,0
520,16,10,0,0,10,0,0,0
520,1000080160,14.8951,0,0,0,0,0,0
520,15,8.84251,0.48084,-0.198375,8.64651,-0.0555105,0.0229014,-0.998195
521,16,10,0,0,10,0,0,0
521,1000080160,14.8951,0,0,0,0,0,0
521,15,5.66627,-0.139684,-1.81776,5.06218,0.0259613,0.337844,-0.940844
524,16,10,0,0,10,0,0,0
524,1000080160,14.8951,0,0,0,0,0,0
524,15,7.72951,1.00967,-0.193645,7.45192,-0.134219,0.0257421,-0.990617
525,16,10,0,0,10,0,0,0
525,1000080160,14.8951,0,0,0,0,0,0
525,15,9.84911,0.310732,-0.178134,9.68088,0,0,0
526,16,10,0,0,10,0,0,0
526,1000080160,14.8951,0,0,0,0,0,0
526,15,9.77759,-0.372422,-0.378781,9.6001,0,0,0
527,16,10,0,0,10,0,0,0
527,1000080160,14.8951,0,0,0,0,0,0
527,15,9.35539,0.369842,0.0613411,9.17745,-0.0402654,-0.00667832,-0.999167
530,16,10,0,0,10,0,0,0
530,1000080160,14.8951,0,0,0,0,0,0
530,15,7.57643,-0.235403,0.0303475,7.3613,0.0319619,-0.00412043,-0.999481
531,16,10,0,0,10,0,0,0
531,1000080160,14.8951,0,0,0,0,0,0
531,15,9.90476,-0.427946,-0.157882,9.7334,0,0,0
532,16,10,0,0,10,0,0,0
532,1000080160,14.8951,0,0,0,0,0,0
532,15,4.36222,-0.0379887,-0.495771,3.95279,0.00953548,0.124443,-0.992181
535,16,10,0,0,10,0,0,0
535,1000080160,14.8951,0,0,0,0,0,0
535,15,8.98002,-0.385897,0.295102,8.78905,0.0438396,-0.0335249,-0.998476
536,16,10,0,0,10,0,0,0
536,1000080160,14.8951,0,0,0,0,0,0
536,15,8.41059,0.743142,-0.270257,8.18264,-0.0903983,0.0328749,-0.995363
542,16,10,0,0,10,0,0,0
542,1000080160,14.8951,0,0,0,0,0,0
542,15,8.23729,-0.208214,-0.223008,8.03758,0.0258864,0.0277257,-0.99928
544,16,10,0,0,10,0,0,0
544,1000080160,14.8951,0,0,0,0,0,0
544,15,8.92234,0.255161,0.619947,8.71789,-0.0291825,-0.0709028,-0.997056
546,16,10,0,0,10,0,0,0
546,1000080160,14.8951,0,0,0,0,0,0
546,15,8.27653,-0.633972,-0.196914,8.05624,0.0784274,0.0243599,-0.996622
548,16,10,0,0,10,0,0,0
548,1000080160,14.8951,0,0,0,0,0,0
548,15,8.93462,0.525223,-0.659143,8.71549,-0.0599833,0.0752777,-0.995357
551,16,10,0,0,10,0,0,0
551,1000080160,14.8951,0,0,0,0,0,0
551,15,9.03459,-0.581243,-0.151349,8.83775,0.0656169,0.0170858,-0.997699
552,16,10,0,0,10,0,0,0
552,1000080160,14.8951,0,0,0,0,0,0
552,15,9.41258,0.884521,0.0677218,9.20068,0,0,0
557,16,10,0,0,10,0,0,0
557,1000080160,14.8951,0,0,0,0,0,0
557,15,9.24362,0.403094,0.357966,9.0552,-0.0444365,-0.0394616,-0.998233
559,16,10,0,0,10,0,0,0
559,1000080160,14.8951,0,0,0,0,0,0
559,15,8.63011,-0.267658,0.422572,8.43038,0.0316935,-0.0500369,-0.998244
560,16,10,0,0,10,0,0,0
560,1000080160,14.8951,0,0,0,0,0,0
560,15,7.23006,0.548123,0.198248,6.98404,-0.0782104,-0.0282875,-0.996535
561,16,10,0,0,10,0,0,0
561,1000080160,14.8951,0,0,0,0,0,0
561,15,9.4145,0.683164,0.0711496,9.21975,-0.0738931,-0.00769575,-0.997236
563,16,10,0,0,10,0,0,0
563,1000080160,14.8951,0,0,0,0,0,0
563,15,7.36256,0.73626,0.0344248,7.10682,-0.103046,-0.00481807,-0.994665
564,16,10,0,0,10,0,0,0
564,1000080160,14.8951,0,0,0,0,0,0
564,15,8.67379,0.788007,0.374362,8.4449,-0.0928177,-0.0440952,-0.994706
566,16,10,0,0,10,0,0,0
566,1000080160,14.8951,0,0,0,0,0,0
566,15,7.29946,-0.18924,0.311207,7.07052,0.0267292,-0.0439565,-0.998676
569,16,10,0,0,10,0,0,0
569,1000080160,14.8951,0,0,0,0,0,0
569,15,9.73834,-0.174008,0.384595,9.56556,0,0,0
570,16,10,0,0,10,0,0,0
570,1000080160,14.8951,0,0,0,0,0,0
570,15,8.92784,0.275357,-0.40753,8.7354,-0.0314721,0.046579,-0.998419
571,16,10,0,0,10,0,0,0
571,1000080160,14.8951,0,0,0,0,0,0
571,15,8.9849,-0.285649,0.135908,8.80176,0.0324327,-0.0154311,-0.999355
576,16,10,0,0,10,0,0,0
576,1000080160,14.8951,0,0,0,0,0,0
576,15,7.51069,0.456926,0.709034,7.24857,-0.0626142,-0.0971615,-0.993297
577,16,10,0,0,10,0,0,0
577,1000080160,14.8951,0,0,0,0,0,0
577,15,6.64854,1.23339,0.753719,6.24151,-0.192516,-0.117645,-0.974216
578,16,10,0,0,10,0,0,0
578,1000080160,14.8951,0,0,0,0,0,0
578,15,7.48898,0.948992,-0.793537,7.16919,-0.130443,0.109075,-0.985438
582,16,10,0,0,10,0,0,0
582,1000080160,14.8951,0,0,0,0,0,0
582,15,9.43835,0.923716,-0.0561709,9.22327,0,0,0
584,16,10,0,0,10,0,0,0
584,1000080160,14.8951,0,0,0,0,0,0
584,15,9.91079,-0.279524,-0.0380402,9.74613,0,0,0
586,16,10,0,0,10,0,0,0
586,1000080160,14.8951,0,0,0,0,0,0
586,15,8.93682,-0.0795675,-0.00721456,8.75803,0.00908471,0.000823731,-0.999958
588,16,10,0,0,10,0,0,0
588,1000080160,14.8951,0,0,0,0,0,0
588,15,6.69005,0.676232,0.650319,6.38117,-0.104846,-0.100828,-0.989364
592,16,10,0,0,10,0,0,0
592,1000080160,14.8951,0,0,0,0,0,0
592,15,7.14747,0.494138,0.278795,6.8998,-0.0713753,-0.0402704,-0.996636
593,16,10,0,0,10,0,0,0
593,1000080160,14.8951,0,0,0,0,0,0
593,15,9.05965,0.884314,0.487889,8.82609,0,0,0
595,16,10,0,0,10,0,0,0
595,1000080160,14.8951,0,0,0,0,0,0
595,15,5.83124,-0.169089,-0.78119,5.49611,0.030445,0.140655,-0.98959
596,16,10,0,0,10,0,0,0
596,1000080160,14.8951,0,0,0,0,0,0
596,15,9.90685,-0.197419,0.272796,9.74038,0,0,0
597,16,10,0,0,10,0,0,0
597,1000080160,14.8951,0,0,0,0,0,0
597,15,6.21092,-0.154211,1.11233,5.84442,0.025912,-0.186904,-0.982036
599,16,10,0,0,10,0,0,0
599,1000080160,14.8951,0,0,0,0,0,0
599,15,7.78892,0.372001,0.578837,7.55225,-0.0490538,-0.0763281,-0.995875
600,16,10,0,0,10,0,0,0
600,1000080160,14.8951,0,0,0,0,0,0
600,15,8.46742,0.394406,0.389798,8.2603,-0.04764,-0.0470834,-0.997754
602,16,10,0,0,10,0,0,0
602,1000080160,14.8951,0,0,0,0,0,0
602,15,6.6091,0.815365,0.16191,6.31125,-0.128086,-0.0254345,-0.991437
604,16,10,0,0,10,0,0,0
604,1000080160,14.8951,0,0,0,0,0,0
604,15,4.69117,-0.755526,-0.305792,4.26444,0.174019,0.0704325,-0.98222
605,16,10,0,0,10,0,0,0
605,1000080160,14.8951,0,0,0,0,0,0
605,15,7.10756,0.903345,-0.540457,6.80089,-0.131264,0.0785334,-0.988232
606,16,10,0,0,10,0,0,0
606,1000080160,14.8951,0,0,0,0,0,0
606,15,7.46266,0.375782,0.238968,7.23434,-0.051846,-0.0329701,-0.998111
607,16,10,0,0,10,0,0,0
607,1000080160,14.8951,0,0,0,0,0,0
607,15,9.82967,-0.41556,0.422503,9.64955,0,0,0
611,16,10,0,0,10,0,0,0
611,1000080160,14.8951,0,0,0,0,0,0
611,15,4.19845,0.296263,0.0935037,3.7912,-0.0778839,-0.024581,-0.996659
614,16,10,0,0,10,0,0,0
614,1000080160,14.8951,0,0,0,0,0,0
614,15,8.6481,-0.167051,0.46486,8.44916,0.0197376,-0.0549247,-0.998295
617,16,10,0,0,10,0,0,0
617,1000080160,14.8951,0,0,0,0,0,0
617,15,8.68601,0.367101,0.95023,8.44108,-0.0431765,-0.111761,-0.992797
622,16,10,0,0,10,0,0,0
622,1000080160,14.8951,0,0,0,0,0,0
622,15,9.85343,-0.372893,0.224562,9.68211,0,0,0
624,16,10,0,0,10,0,0,0
624,1000080160,14.8951,0,0,0,0,0,0
624,15,7.61597,-0.840203,1.3074,7.24089,0.113452,-0.176537,-0.977734
627,16,10,0,0,10,0,0,0
627,1000080160,14.8951,0,0,0,0,0,0
627,15,8.2808,-0.484878,0.722123,8.04101,0.0599509,-0.0892842,-0.9942
629,16,10,0,0,10,0,0,0
629,1000080160,14.8951,0,0,0,0,0,0
629,15,9.75052,0.0901151,0.719776,9.55977,0,0,0
631,16,10,0,0,10,0,0,0
631,1000080160,14.8951,0,0,0,0,0,0
631,15,7.68965,0.0542166,0.321508,7.47443,-0.00724671,-0.0429735,-0.99905
632,16,10,0,0,10,0,0,0
632,1000080160,14.8951,0,0,0,0,0,0
632,15,9.31753,-0.363303,-0.438761,9.12878,0.0397202,0.0479702,-0.998059
633,16,10,0,0,10,0,0,0
633,1000080160,14.8951,0,0,0,0,0,0
633,15,7.40145,-0.726486,0.171646,7.14611,0.101112,-0.0238895,-0.994588
638,16,10,0,0,10,0,0,0
638,1000080160,14.8951,0,0,0,0,0,0
638,15,7.63092,0.351396,0.310245,7.40635,-0.0473504,-0.0418054,-0.998003
641,16,10,0,0,10,0,0,0
641,1000080160,14.8951,0,0,0,0,0,0
641,15,4.73266,-0.911047,-1.25948,4.10177,0.207696,0.28713,-0.935103
642,16,10,0,0,10,0,0,0
642,1000080160,14.8951,0,0,0,0,0,0
642,15,9.20149,-0.0369407,0.761182,8.99608,0,0,0
643,16,10,0,0,10,0,0,0
643,1000080160,14.8951,0,0,0,0,0,0
643,15,8.3758,0.708438,0.685263,8.12559,-0.0865516,-0.0837203,-0.992723
644,16,10,0,0,10,0,0,0
644,1000080160,14.8951,0,0,0,0,0,0
644,15,9.69304,0.148226,0.448557,9.51707,0,0,0
645,16,10,0,0,10,0,0,0
645,1000080160,14.8951,0,0,0,0,0,0
645,15,8.46618,0.495437,0.240859,8.25927,-0.0598526,-0.0290976,-0.997783
646,16,10,0,0,10,0,0,0
646,1000080160,14.8951,0,0,0,0,0,0
646,15,6.76749,0.179903,-0.690576,6.49095,-0.02755,0.105753,-0.994011
647,16,10,0,0,10,0,0,0
647,1000080160,14.8951,0,0,0,0,0,0
647,15,6.90911,0.892527,0.0816247,6.61629,-0.133678,-0.0122253,-0.990949
649,16,10,0,0,10,0,0,0
649,1000080160,14.8951,0,0,0,0,0,0
649,15,5.53505,-1.31301,0.315053,5.0652,0.250474,-0.0601007,-0.966256
651,16,10,0,0,10,0,0,0
651,1000080160,14.8951,0,0,0,0,0,0
651,15,9.75162,0.0367414,0.0362408,9.58824,-0.00383187,-0.00377966,-0.999986
652,16,10,0,0,10,0,0,0
652,1000080160,14.8951,0,0,0,0,0,0
652,15,5.62707,0.703185,1.25233,5.14236,-0.131703,-0.234555,-0.96314
655,16,10,0,0,10,0,0,0
655,1000080160,14.8951,0,0,0,0,0,0
655,15,5.46019,-0.367009,0.0867532,5.14919,0.0710847,-0.0168029,-0.997329
656,16,10,0,0,10,0,0,0
656,1000080160,14.8951,0,0,0,0,0,0
656,15,7.0474,0.650606,-0.858981,6.73405,-0.0954006,0.125955,-0.987438
657,16,10,0,0,10,0,0,0
657,1000080160,14.8951,0,0,0,0,0,0
657,15,5.47486,0.985296,0.553457,5.05369,-0.190267,-0.106876,-0.975898
658,16,10,0,0,10,0,0,0
658,1000080160,14.8951,0,0,0,0,0,0
658,15,9.55777,-0.353117,0.294417,9.37989,0,0,0
659,16,10,0,0,10,0,0,0
659,1000080160,14.8951,0,0,0,0,0,0
659,15,8.49627,-0.517837,0.46379,8.27926,0.0623269,-0.0558218,-0.996493
666,16,10,0,0,10,0,0,0
666,1000080160,14.8951,0,0,0,0,0,0
666,15,9.10746,-0.739176,0.129151,8.90088,0.0827518,-0.0144586,-0.996465
667,16,10,0,0,10,0,0,0
667,1000080160,14.8951,0,0,0,0,0,0
667,15,9.9508,-0.214465,-0.279632,9.78453,0,0,0
671,16,10,0,0,10,0,0,0
671,1000080160,14.8951,0,0,0,0,0,0
671,15,8.72571,-0.132726,0.117275,8.54105,0.0155364,-0.0137278,-0.999785
675,16,10,0,0,10,0,0,0
675,1000080160,14.8951,0,0,0,0,0,0
675,15,7.77741,-0.220306,-0.419909,7.55685,0.0290959,0.0554576,-0.998037
681,16,10,0,0,10,0,0,0
681,1000080160,14.8951,0,0,0,0,0,0
681,15,5.43603,0.552613,-0.528526,5.0802,-0.107566,0.102878,-0.988861
688,16,10,0,0,10,0,0,0
688,1000080160,14.8951,0,0,0,0,0,0
688,15,8.87919,0.892746,-0.132309,8.65265,-0.102619,0.0152087,-0.994604
689,16,10,0,0,10,0,0,0
689,1000080160,14.8951,0,0,0,0,0,0
689,15,7.38288,0.878589,-0.50508,7.09385,-0.122607,0.070484,-0.989949
690,16,10,0,0,10,0,0,0
690,1000080160,14.8951,0,0,0,0,0,0
690,15,9.85439,-0.0574307,0.568748,9.676,0,0,0
692,16,10,0,0,10,0,0,0
692,1000080160,14.8951,0,0,0,0,0,0
692,15,7.32451,-0.093123,-0.94186,7.0424,0.0131054,0.13255,-0.99109
694,16,10,0,0,10,0,0,0
694,1000080160,14.8951,0,0,0,0,0,0
694,15,9.41671,0.217281,0.22844,9.24217,-0.0234961,-0.0247028,-0.999419
696,16,10,0,0,10,0,0,0
696,1000080160,14.8951,0,0,0,0,0,0
696,15,7.31485,0.505404,-0.373613,7.06787,-0.0712261,0.052653,-0.99607
698,16,10,0,0,10,0,0,0
698,1000080160,14.8951,0,0,0,0,0,0
698,15,6.93866,-1.07146,0.25598,6.61621,0.159745,-0.0381644,-0.98642
701,16,10,0,0,10,0,0,0
701,1000080160,14.8951,0,0,0,0,0,0
701,15,8.14829,0.640816,-0.144246,7.92502,-0.0805836,0.0181391,-0.996583
703,16,10,0,0,10,0,0,0
703,1000080160,14.8951,0,0,0,0,0,0
703,15,6.77224,0.0322253,1.44301,6.37359,-0.0049312,-0.220813,-0.975304
704,16,10,0,0,10,0,0,0
704,1000080160,14.8951,0,0,0,0,0,0
704,15,8.43401,-0.181456,0.482659,8.22858,0.0220088,-0.0585416,-0.998042
705,16,10,0,0,10,0,0,0
705,1000080160,14.8951,0,0,0,0,0,0
705,15,7.54805,-0.854142,0.371424,7.27656,0.116433,-0.0506308,-0.991907
708,16,10,0,0,10,0,0,0
708,1000080160,14.8951,0,0,0,0,0,0
708,15,6.12524,0.244028,0.565198,5.82944,-0.0416298,-0.0964197,-0.99447
710,16,10,0,0,10,0,0,0
710,1000080160,14.8951,0,0,0,0,0,0
710,15,6.53379,-0.270752,0.267176,6.27603,0.0430616,-0.042493,-0.998168
713,16,10,0,0,10,0,0,0
713,1000080160,14.8951,0,0,0,0,0,0
713,15,4.50734,-0.834335,-0.27115,4.04836,0.201417,0.0654584,-0.977316
717,16,10,0,0,10,0,0,0
717,1000080160,14.8951,0,0,0,0,0,0
717,15,5.23291,-0.22656,1.03526,4.80656,0.0460301,-0.210333,-0.976546
718,16,10,0,0,10,0,0,0
718,1000080160,14.8951,0,0,0,0,0,0
718,15,9.51132,-0.619278,-0.31069,9.31815,0,0,0
720,16,10,0,0,10,0,0,0
720,1000080160,14.8951,0,0,0,0,0,0
720,15,8.20442,-0.63321,-0.655083,7.95771,0.0790555,0.0817863,-0.99351
722,16,10,0,0,10,0,0,0
722,1000080160,14.8951,0,0,0,0,0,0
722,15,7.57299,0.660809,0.545021,7.31158,-0.0897645,-0.0740359,-0.993207
724,16,10,0,0,10,0,0,0
724,1000080160,14.8951,0,0,0,0,0,0
724,15,7.8554,-0.147563,-0.698529,7.61842,0.0192847,0.0912896,-0.995638
728,16,10,0,0,10,0,0,0
728,1000080160,14.8951,0,0,0,0,0,0
728,15,4.20313,-0.321799,0.599835,3.74776,0.0844821,-0.157475,-0.983903
732,16,10,0,0,10,0,0,0
732,1000080160,14.8951,0,0,0,0,0,0
732,15,6.20109,0.761998,-0.555243,5.86578,-0.128259,0.0934584,-0.987327
734,16,10,0,0,10,0,0,0
734,1000080160,14.8951,0,0,0,0,0,0
734,15,7.80048,-0.200724,-1.05223,7.51949,0.026427,0.138535,-0.990005
738,16,10,0,0,10,0,0,0
738,1000080160,14.8951,0,0,0,0,0,0
738,15,9.16112,-0.792266,0.599956,8.93204,0,0,0
739,16,10,0,0,10,0,0,0
739,1000080160,14.8951,0,0,0,0,0,0
739,15,7.0708,-0.514369,0.08261,6.82404,0.0751572,-0.0120706,-0.997099
741,16,10,0,0,10,0,0,0
741,1000080160,14.8951,0,0,0,0,0,0
741,15,3.11321,0.342342,0.636332,2.45209,-0.133919,-0.248923,-0.95922
743,16,10,0,0,10,0,0,0
743,1000080160,14.8951,0,0,0,0,0,0
743,15,8.11836,0.992703,-0.412621,7.84824,-0.125317,0.0520886,-0.990748
745,16,10,0,0,10,0,0,0
745,1000080160,14.8951,0,0,0,0,0,0
745,15,8.96278,-1.01284,-0.0688783,8.72602,0.115294,0.00784055,-0.9933
747,16,10,0,0,10,0,0,0
747,1000080160,14.8951,0,0,0,0,0,0
747,15,8.64238,0.617913,0.109043,8.43445,-0.0730588,-0.0128926,-0.997244
749,16,10,0,0,10,0,0,0
749,1000080160,14.8951,0,0,0,0,0,0
749,15,7.52382,-0.415342,-0.807182,7.25442,0.0568107,0.110407,-0.992262
750,16,10,0,0,10,0,0,0
750,1000080160,14.8951,0,0,0,0,0,0
750,15,7.59807,1.28633,-0.467395,7.2595,-0.174126,0.0632693,-0.982689
752,16,10,0,0,10,0,0,0
752,1000080160,14.8951,0,0,0,0,0,0
752,15,8.23122,0.109742,0.464482,8.02296,-0.0136543,-0.0577919,-0.998235
755,16,10,0,0,10,0,0,0
755,1000080160,14.8951,0,0,0,0,0,0
755,15,7.83318,-0.846769,-1.17166,7.49078,0.110994,0.15358,-0.981883
756,16,10,0,0,10,0,0,0
756,1000080160,14.8951,0,0,0,0,0,0
756,15,6.37498,0.578906,0.298256,6.08761,-0.0945563,-0.0487161,-0.994327
758,16,10,0,0,10,0,0,0
758,1000080160,14.8951,0,0,0,0,0,0
758,15,7.1629,0.632177,-0.051013,6.90997,-0.0911047,0.00735162,-0.995814
761,16,10,0,0,10,0,0,0
761,1000080160,14.8951,0,0,0,0,0,0
761,15,6.26916,0.284863,-0.82916,5.94782,-0.0473817,0.137915,-0.98931
767,16,10,0,0,10,0,0,0
767,1000080160,14.8951,0,0,0,0,0,0
767,15,7.47928,0.384621,-0.0983014,7.25429,-0.0529405,0.0135305,-0.998506
768,16,10,0,0,10,0,0,0
768,1000080160,14.8951,0,0,0,0,0,0
768,15,7.29367,-0.730144,-0.11858,7.03514,0.103216,0.016763,-0.994518
769,16,10,0,0,10,0,0,0
769,1000080160,14.8951,0,0,0,0,0,0
769,15,9.10337,-0.576162,0.335225,8.90336,0.0645322,-0.0375464,-0.997209
770,16,10,0,0,10,0,0,0
770,1000080160,14.8951,0,0,0,0,0,0
770,15,5.86175,-1.62346,-0.175592,5.34195,0.290633,0.0314345,-0.956318
772,16,10,0,0,10,0,0,0
772,1000080160,14.8951,0,0,0,0,0,0
772,15,8.34723,0.756331,0.440501,8.10882,-0.092734,-0.05401,-0.994225
775,16,10,0,0,10,0,0,0
775,1000080160,14.8951,0,0,0,0,0,0
775,15,8.92791,-0.498885,-0.144295,8.73388,0.05702,0.0164922,-0.998237
776,16,10,0,0,10,0,0,0
776,1000080160,14.8951,0,0,0,0,0,0
776,15,5.69029,0.0495605,0.619162,5.36994,-0.00916811,-0.114538,-0.993377
779,16,10,0,0,10,0,0,0
779,1000080160,14.8951,0,0,0,0,0,0
779,15,8.03723,1.0292,-0.620342,7.74569,-0.131303,0.0791418,-0.988178
780,16,10,0,0,10,0,0,0
780,1000080160,14.8951,0,0,0,0,0,0
780,15,9.53277,0.36751,-0.478685,9.34624,-0.03924,0.0511104,-0.997922
782,16,10,0,0,10,0,0,0
782,1000080160,14.8951,0,0,0,0,0,0
782,15,5.22044,0.263512,1.03901,4.79028,-0.0536822,-0.211665,-0.975867
785,16,10,0,0,10,0,0,0
785,1000080160,14.8951,0,0,0,0,0,0
785,15,9.71013,-0.386393,0.42718,9.52878,0,0,0
786,16,10,0,0,10,0,0,0
786,1000080160,14.8951,0,0,0,0,0,0
786,15,8.07407,0.613091,0.626691,7.82718,-0.0778416,-0.0795683,-0.993785
788,16,10,0,0,10,0,0,0
788,1000080160,14.8951,0,0,0,0,0,0
788,15,7.67868,0.68601,0.879059,7.38658,-0.091832,-0.117674,-0.988797
789,16,10,0,0,10,0,0,0
789,1000080160,14.8951,0,0,0,0,0,0
789,15,7.6194,1.16529,-0.101485,7.31641,-0.157274,0.0136969,-0.98746
790,16,10,0,0,10,0,0,0
790,1000080160,14.8951,0,0,0,0,0,0
790,15,9.85825,0.0412542,0.362388,9.68993,0,0,0
794,16,10,0,0,10,0,0,0
794,1000080160,14.8951,0,0,0,0,0,0
794,15,8.01611,0.215459,-0.267683,7.80914,-0.027564,0.034245,-0.999033
795,16,10,0,0,10,0,0,0
795,1000080160,14.8951,0,0,0,0,0,0
795,15,8.5442,-0.27752,0.2339,8.34951,0.0332065,-0.0279872,-0.999057
798,16,10,0,0,10,0,0,0
798,1000080160,14.8951,0,0,0,0,0,0
798,15,5.48786,-0.576404,-0.0354738,5.16003,0.111012,0.00683208,-0.993796
801,16,10,0,0,10,0,0,0
801,1000080160,14.8951,0,0,0,0,0,0
801,15,8.8968,0.801609,0.686071,8.65347,0,0,0
803,16,10,0,0,10,0,0,0
803,1000080160,14.8951,0,0,0,0,0,0
803,15,7.81968,-0.727994,-0.430037,7.56804,0.0955984,0.0564715,-0.993817
804,16,10,0,0,10,0,0,0
804,1000080160,14.8951,0,0,0,0,0,0
804,15,8.6582,-0.689299,-0.831389,8.40481,0.0813437,0.0981116,-0.991845
806,16,10,0,0,10,0,0,0
806,1000080160,14.8951,0,0,0,0,0,0
806,15,9.45633,0.186678,0.273653,9.28199,-0.020099,-0.0294634,-0.999364
812,16,10,0,0,10,0,0,0
812,1000080160,14.8951,0,0,0,0,0,0
812,15,9.22073,0.120014,0.13443,9.04612,-0.0132643,-0.0148576,-0.999802
815,16,10,0,0,10,0,0,0
815,1000080160,14.8951,0,0,0,0,0,0
815,15,8.54268,-0.184898,0.0723348,8.35348,0.022128,-0.00865679,-0.999718
819,16,10,0,0,10,0,0,0
819,1000080160,14.8951,0,0,0,0,0,0
819,15,3.98747,0.500087,-0.0478414,3.53417,-0.140092,0.0134021,-0.990048
820,16,10,0,0,10,0,0,0
820,1000080160,14.8951,0,0,0,0,0,0
820,15,8.84848,0.675391,0.30094,8.63665,-0.0779156,-0.0347175,-0.996355
821,16,10,0,0,10,0,0,0
821,1000080160,14.8951,0,0,0,0,0,0
821,15,9.45801,-0.812817,0.560148,9.23701,0,0,0
831,16,10,0,0,10,0,0,0
831,1000080160,14.8951,0,0,0,0,0,0
831,15,6.22872,-0.988797,-0.873873,5.82223,0.16563,0.14638,-0.975264
832,16,10,0,0,10,0,0,0
832,1000080160,14.8951,0,0,0,0,0,0
832,15,9.91098,-0.335647,-0.103658,9.74407,0,0,0
835,16,10,0,0,10,0,0,0
835,1000080160,14.8951,0,0,0,0,0,0
835,15,4.4046,0.695109,0.32653,3.95645,-0.172471,-0.0810188,-0.981677
837,16,10,0,0,10,0,0,0
837,1000080160,14.8951,0,0,0,0,0,0
837,15,6.91084,-0.349927,0.25905,6.6643,0.052396,-0.0387886,-0.997873
838,16,10,0,0,10,0,0,0
838,1000080160,14.8951,0,0,0,0,0,0
838,15,9.67317,-0.160339,0.074344,9.50694,0,0,0
839,16,10,0,0,10,0,0,0
839,1000080160,14.8951,0,0,0,0,0,0
839,15,9.17822,-0.607937,-0.388605,8.97563,0.0675142,0.0431563,-0.996785
841,16,10,0,0,10,0,0,0
841,1000080160,14.8951,0,0,0,0,0,0
841,15,9.47731,-0.0391408,0.917848,9.26381,0,0,0
842,16,10,0,0,10,0,0,0
842,1000080160,14.8951,0,0,0,0,0,0
842,15,9.12058,0.174596,-0.268476,8.94009,-0.0195171,0.0300114,-0.999359
843,16,10,0,0,10,0,0,0
843,1000080160,14.8951,0,0,0,0,0,0
843,15,3.20661,-0.141558,0.582485,2.60112,0.0530319,-0.218217,-0.974458
847,16,10,0,0,10,0,0,0
847,1000080160,14.8951,0,0,0,0,0,0
847,15,9.75172,-0.139648,0.214918,9.58505,0,0,0
852,16,10,0,0,10,0,0,0
852,1000080160,14.8951,0,0,0,0,0,0
852,15,6.98704,-0.659201,-0.610518,6.69733,0.0975534,0.0903489,-0.991121
853,16,10,0,0,10,0,0,0
853,1000080160,14.8951,0,0,0,0,0,0
853,15,9.10278,-0.136982,-0.295611,8.92173,0.0153436,0.0331117,-0.999334
855,16,10,0,0,10,0,0,0
855,1000080160,14.8951,0,0,0,0,0,0
855,15,9.89648,0.160784,0.0639402,9.73412,0,0,0
856,16,10,0,0,10,0,0,0
856,1000080160,14.8951,0,0,0,0,0,0
856,15,7.29135,-0.575882,0.395265,7.03695,0.0814367,-0.0558953,-0.99511
857,16,10,0,0,10,0,0,0
857,1000080160,14.8951,0,0,0,0,0,0
857,15,9.33818,0.254236,-0.18967,9.16208,-0.0277321,0.0206892,-0.999401
858,16,10,0,0,10,0,0,0
858,1000080160,14.8951,0,0,0,0,0,0
858,15,9.14775,-0.153911,-0.6342,8.94976,0.0171517,0.0706745,-0.997352
862,16,10,0,0,10,0,0,0
862,1000080160,14.8951,0,0,0,0,0,0
862,15,6.93393,0.87259,-0.131727,6.64405,-0.130191,0.0196537,-0.991294
864,16,10,0,0,10,0,0,0
864,1000080160,14.8951,0,0,0,0,0,0
864,15,9.84527,0.177654,-0.275953,9.67804,0,0,0
866,16,10,0,0,10,0,0,0
866,1000080160,14.8951,0,0,0,0,0,0
866,15,9.31935,-0.0824631,0.586703,9.12919,0.00901395,-0.0641318,-0.997901
867,16,10,0,0,10,0,0,0
867,1000080160,14.8951,0,0,0,0,0,0
867,15,9.21201,0.651759,0.216929,9.01288,0,0,0
868,16,10,0,0,10,0,0,0
868,1000080160,14.8951,0,0,0,0,0,0
868,15,6.39855,-0.800769,0.42417,6.07973,0.130272,-0.0690056,-0.989074
871,16,10,0,0,10,0,0,0
871,1000080160,14.8951,0,0,0,0,0,0
871,15,4.67367,-0.191503,-0.710924,4.25957,0.0443015,0.164462,-0.985388
878,16,10,0,0,10,0,0,0
878,1000080160,14.8951,0,0,0,0,0,0
878,15,8.71718,-0.759445,0.214613,8.4976,0.0889888,-0.0251475,-0.995715
879,16,10,0,0,10,0,0,0
879,1000080160,14.8951,0,0,0,0,0,0
879,15,5.5934,-0.810073,-0.433601,5.22347,0.152738,0.0817548,-0.984879
881,16,10,0,0,10,0,0,0
881,1000080160,14.8951,0,0,0,0,0,0
881,15,5.9389,-0.337401,0.226851,5.65226,0.0595394,-0.0400311,-0.997423
883,16,10,0,0,10,0,0,0
883,1000080160,14.8951,0,0,0,0,0,0
883,15,6.43756,1.16632,-0.569618,6.04981,-0.188496,0.0920597,-0.97775
884,16,10,0,0,10,0,0,0
884,1000080160,14.8951,0,0,0,0,0,0
884,15,9.82007,0.190723,0.175677,9.6545,0,0,0
888,16,10,0,0,10,0,0,0
888,1000080160,14.8951,0,0,0,0,0,0
888,15,9.32208,-0.14769,-0.251647,9.14651,0.016139,0.0274989,-0.999492
892,16,10,0,0,10,0,0,0
892,1000080160,14.8951,0,0,0,0,0,0
892,15,9.26531,-0.196639,0.49531,9.0777,0,0,0
898,16,10,0,0,10,0,0,0
898,1000080160,14.8951,0,0,0,0,0,0
898,15,6.47106,0.526985,0.162066,6.19786,-0.0846925,-0.0260459,-0.996067
905,16,10,0,0,10,0,0,0
905,1000080160,14.8951,0,0,0,0,0,0
905,15,8.73904,-0.50636,-0.260116,8.53754,0.0591784,0.0303998,-0.997784
906,16,10,0,0,10,0,0,0
906,1000080160,14.8951,0,0,0,0,0,0
906,15,6.85189,0.498349,-0.286824,6.59246,-0.0753079,0.0433433,-0.996218
908,16,10,0,0,10,0,0,0
908,1000080160,14.8951,0,0,0,0,0,0
908,15,8.17112,0.736987,0.709634,7.90969,-0.0924053,-0.0889758,-0.991738
909,16,10,0,0,10,0,0,0
909,1000080160,14.8951,0,0,0,0,0,0
909,15,6.13255,0.423222,1.28963,5.7104,-0.0721054,-0.219717,-0.972895
910,16,10,0,0,10,0,0,0
910,1000080160,14.8951,0,0,0,0,0,0
910,15,6.18145,0.682245,-0.607736,5.84964,-0.115233,0.102648,-0.988021
911,16,10,0,0,10,0,0,0
911,1000080160,14.8951,0,0,0,0,0,0
911,15,9.91587,-0.272319,0.466905,9.74039,0,0,0
917,16,10,0,0,10,0,0,0
917,1000080160,14.8951,0,0,0,0,0,0
917,15,8.14666,0.80323,-0.64928,7.88315,-0.101029,0.081665,-0.991526
920,16,10,0,0,10,0,0,0
920,1000080160,14.8951,0,0,0,0,0,0
920,15,9.25803,0.693659,0.406439,9.05028,0,0,0
922,16,10,0,0,10,0,0,0
922,1000080160,14.8951,0,0,0,0,0,0
922,15,4.46327,-0.334967,-0.233744,4.0739,0.0818124,0.0570896,-0.995011
924,16,10,0,0,10,0,0,0
924,1000080160,14.8951,0,0,0,0,0,0
924,15,7.79153,0.94465,-0.234939,7.52351,-0.124522,0.0309692,-0.991733
928,16,10,0,0,10,0,0,0
928,1000080160,14.8951,0,0,0,0,0,0
928,15,4.12236,0.678942,-0.539817,3.61722,-0.182523,0.145121,-0.972433
929,16,10,0,0,10,0,0,0
929,1000080160,14.8951,0,0,0,0,0,0
929,15,4.62228,-0.309409,-0.493864,4.22713,0.0725101,0.115737,-0.99063
930,16,10,0,0,10,0,0,0
930,1000080160,14.8951,0,0,0,0,0,0
930,15,9.61732,-0.398258,-0.2629,9.4397,0,0,0
931,16,10,0,0,10,0,0,0
931,1000080160,14.8951,0,0,0,0,0,0
931,15,7.43,0.78837,1.18306,7.07294,-0.109277,-0.163986,-0.980391
932,16,10,0,0,10,0,0,0
932,1000080160,14.8951,0,0,0,0,0,0
932,15,8.15598,0.594262,-0.0387576,7.93777,-0.0746553,0.00486899,-0.997198
933,16,10,0,0,10,0,0,0
933,1000080160,14.8951,0,0,0,0,0,0
933,15,9.19097,0.165752,0.864394,8.97452,0,0,0
935,16,10,0,0,10,0,0,0
935,1000080160,14.8951,0,0,0,0,0,0
935,15,3.42314,-0.478323,0.454066,2.85056,0.163481,-0.155191,-0.974264
938,16,10,0,0,10,0,0,0
938,1000080160,14.8951,0,0,0,0,0,0
938,15,8.95796,0.200969,-0.479919,8.76453,-0.0228895,0.0546607,-0.998243
939,16,10,0,0,10,0,0,0
939,1000080160,14.8951,0,0,0,0,0,0
939,15,8.88511,0.965531,0.204563,8.6495,0,0,0
941,16,10,0,0,10,0,0,0
941,1000080160,14.8951,0,0,0,0,0,0
941,15,9.5988,-0.156616,-0.113396,9.43092,0,0,0
945,16,10,0,0,10,0,0,0
945,1000080160,14.8951,0,0,0,0,0,0
945,15,8.44119,0.256136,0.0750897,8.24774,-0.031039,-0.00909951,-0.999477
953,16,10,0,0,10,0,0,0
953,1000080160,14.8951,0,0,0,0,0,0
953,15,9.46662,-0.576716,0.768062,9.24863,0,0,0
954,16,10,0,0,10,0,0,0
954,1000080160,14.8951,0,0,0,0,0,0
954,15,9.41134,0.511062,-0.268384,9.22404,0,0,0
958,16,10,0,0,10,0,0,0
958,1000080160,14.8951,0,0,0,0,0,0
958,15,6.89283,-0.54386,0.114129,6.63665,0.0816622,-0.0171368,-0.996513
961,16,10,0,0,10,0,0,0
961,1000080160,14.8951,0,0,0,0,0,0
961,15,6.55656,-0.362071,-0.0703014,6.30041,0.0573696,0.0111391,-0.998291
962,16,10,0,0,10,0,0,0
962,1000080160,14.8951,0,0,0,0,0,0
962,15,4.86338,-0.431853,-0.206472,4.50179,0.0953914,0.0456073,-0.994395
966,16,10,0,0,10,0,0,0
966,1000080160,14.8951,0,0,0,0,0,0
966,15,5.49547,-0.65927,-0.725004,5.10712,0.126776,0.139416,-0.982085
967,16,10,0,0,10,0,0,0
967,1000080160,14.8951,0,0,0,0,0,0
967,15,7.57911,0.605113,0.366421,7.33384,-0.0821285,-0.0497322,-0.99538
968,16,10,0,0,10,0,0,0
968,1000080160,14.8951,0,0,0,0,0,0
968,15,7.84817,-0.100255,-0.364939,7.635,0.0131148,0.0477396,-0.998774
974,16,10,0,0,10,0,0,0
974,1000080160,14.8951,0,0,0,0,0,0
974,15,8.94868,-0.118379,0.186859,8.76771,0.0134974,-0.0213054,-0.999682
976,16,10,0,0,10,0,0,0
976,1000080160,14.8951,0,0,0,0,0,0
976,15,7.85916,-0.419829,-0.0498416,7.64398,0.0548389,0.00651042,-0.998474
977,16,10,0,0,10,0,0,0
977,1000080160,14.8951,0,0,0,0,0,0
977,15,8.99779,0.532037,-0.257174,8.80078,-0.0603175,0.0291561,-0.997753
978,16,10,0,0,10,0,0,0
978,1000080160,14.8951,0,0,0,0,0,0
978,15,6.89097,-0.590673,-0.570116,6.60714,0.088717,0.0856293,-0.992369
983,16,10,0,0,10,0,0,0
983,1000080160,14.8951,0,0,0,0,0,0
983,15,5.78718,0.85835,-0.0451896,5.44017,-0.155847,0.00820487,-0.987747
985,16,10,0,0,10,0,0,0
985,1000080160,14.8951,0,0,0,0,0,0
985,15,4.23284,0.886283,-0.623199,3.6859,-0.230692,0.162214,-0.95941
986,16,10,0,0,10,0,0,0
986,1000080160,14.8951,0,0,0,0,0,0
986,15,5.44795,0.976413,0.159322,5.05412,-0.189593,-0.0309361,-0.981375
992,16,10,0,0,10,0,0,0
992,1000080160,14.8951,0,0,0,0,0,0
992,15,5.95757,-0.137362,-0.556175,5.65749,0.0241562,0.0978076,-0.994912
994,16,10,0,0,10,0,0,0
994,1000080160,14.8951,0,0,0,0,0,0
994,15,8.03415,0.595164,-0.499279,7.79659,-0.0759603,0.0637225,-0.995073
995,16,10,0,0,10,0,0,0
995,1000080160,14.8951,0,0,0,0,0,0
995,15,8.86091,-0.500213,0.438811,8.65538,0.057622,-0.0505488,-0.997058
998,16,10,0,0,10,0,0,0
998,1000080160,14.8951,0,0,0,0,0,0
998,15,4.21321,-0.244235,-0.462659,3.7842,0.0639326,0.121109,-0.990578
999,16,10,0,0,10,0,0,0
999,1000080160,14.8951,0,0,0,0,0,0
999,15,5.5565,0.372291,0.243827,5.24589,-0.0707141,-0.0463133,-0.996421
